,x
1,1427728
2,1428329
3,1428666
4,1428744
5,1428997
6,1429145
7,1429271
8,1429448
9,1429587
10,1430390
11,1430399
12,1430421
13,1430460
14,1430477
15,1431137
16,1431369
17,1431835
18,1431843
19,1431898
20,1432134
21,1432684
22,1432728
23,1432836
24,1432899
25,1433840
26,1433874
27,1433958
28,1433979
29,1433988
30,1433990
31,1434065
32,1434265
33,1434442
34,1434513
35,1434579
36,1434721
37,1435208
38,1435256
39,1435324
40,1435445
41,1436145
42,1436286
43,1436390
44,1436707
45,1436796
46,1436806
47,1436856
48,1436915
49,1437240
50,1437493
51,1437586
52,1437653
53,1437796
54,1438026
55,1438490
56,1438872
57,1439230
58,1439365
59,1439801
60,1440268
61,1440300
62,1440493
63,1440582
64,1440869
65,1440873
66,1440903
67,1440974
68,1441050
69,1441111
70,1441162
71,1441197
72,1441503
73,1441543
74,1441920
75,1442130
76,1442134
77,1442176
78,1442255
79,1442326
80,1442394
81,1442447
82,1442507
83,1442708
84,1442912
85,1443062
86,1443142
87,1443258
88,1443266
89,1443286
90,1443602
91,1443647
92,1443760
93,1444140
94,1444234
95,1444280
96,1444311
97,1444351
98,1444525
99,1444659
100,1444756
101,1445458
102,1445481
103,1446024
104,1446291
105,1446394
106,1446552
107,1446667
108,1447674
109,1447720
110,1447761
111,1447954
112,1447955
113,1448055
114,1448214
115,1448256
116,1448285
117,1448322
118,1448494
119,1449242
120,1449648
121,1449750
122,1449944
123,1450006
124,1450195
125,1450469
126,1450502
127,1450549
128,1450771
129,1450849
130,1451050
131,1451450
132,1451583
133,1451682
134,1451757
135,1452254
136,1452458
137,1452754
138,1452786
139,1452853
140,1452933
141,1453128
142,1453185
143,1453244
144,1453303
145,1453342
146,1453627
147,1453951
148,1454244
149,1454480
150,1454531
151,1454727
152,1454767
153,1454793
154,1454846
155,1455061
156,1455142
157,1455156
158,1455427
159,1455611
160,1455740
161,1456141
162,1456204
163,1456289
164,1456318
165,1456349
166,1456405
167,1456460
168,1456702
169,1456726
170,1456732
171,1456905
172,1456970
173,1457056
174,1457243
175,1457311
176,1457509
177,1457893
178,1457906
179,1457978
180,1457993
181,1458032
182,1458058
183,1458246
184,1458361
185,1458435
186,1458720
187,1458938
188,1459322
189,1459407
190,1459438
191,1459539
192,1459777
193,1459978
194,1460019
195,1460420
196,1460605
197,1460716
198,1460723
199,1461107
200,1461111
201,1461127
202,1461279
203,1461458
204,1461754
205,1461772
206,1461823
207,1462126
208,1462230
209,1462254
210,1462269
211,1462391
212,1462493
213,1462644
214,1462906
215,1462974
216,1462998
217,1463426
218,1463443
219,1463548
220,1463966
221,1464044
222,1464291
223,1464415
224,1464475
225,1464691
226,1464850
227,1464980
228,1465373
229,1465378
230,1465506
231,1465631
232,1465740
233,1465887
234,1465924
235,1466121
236,1466135
237,1466382
238,1466474
239,1466545
240,1466578
241,1466774
242,1467019
243,1467128
244,1467494
245,1467653
246,1467697
247,1468088
248,1468093
249,1468377
250,1468518
251,1468579
252,1468898
253,1469045
254,1469137
255,1469259
256,1469439
257,1469594
258,1470204
259,1470246
260,1470342
261,1470359
262,1470375
263,1470554
264,1470633
265,1470915
266,1470946
267,1471125
268,1471654
269,1472272
270,1472407
271,1472965
272,1473025
273,1473140
274,1473170
275,1473560
276,1473622
277,1473753
278,1473883
279,1474079
280,1474166
281,1474193
282,1474392
283,1474519
284,1474537
285,1475038
286,1475204
287,1475336
288,1475371
289,1475580
290,1475725
291,1475750
292,1475998
293,1476184
294,1476397
295,1476424
296,1476449
297,1476688
298,1476965
299,1476989
300,1477000
301,1477028
302,1477066
303,1477067
304,1477133
305,1477151
306,1477366
307,1477395
308,1477451
309,1477515
310,1477545
311,1477553
312,1477636
313,1477757
314,1477922
315,1477939
316,1478236
317,1478610
318,1478709
319,1478890
320,1479036
321,1479256
322,1479344
323,1479596
324,1479716
325,1479762
326,1479895
327,1479972
328,1480480
329,1480497
330,1480573
331,1480640
332,1480691
333,1480704
334,1480954
335,1481391
336,1481517
337,1481614
338,1481904
339,1481994
340,1482086
341,1482260
342,1482817
343,1482872
344,1482906
345,1483738
346,1483777
347,1483900
348,1483947
349,1484172
350,1484530
351,1484594
352,1484710
353,1485103
354,1485138
355,1485315
356,1485412
357,1485639
358,1485765
359,1486492
360,1486655
361,1486727
362,1486986
363,1487010
364,1487050
365,1487278
366,1487372
367,1487385
368,1487494
369,1487557
370,1487576
371,1487784
372,1487830
373,1487949
374,1488126
375,1488144
376,1488191
377,1488285
378,1488320
379,1488804
380,1488861
381,1488883
382,1489142
383,1489498
384,1489577
385,1489725
386,1489784
387,1489916
388,1489996
389,1490124
390,1490270
391,1490285
392,1490339
393,1490432
394,1490562
395,1490676
396,1490796
397,1490823
398,1490992
399,1491029
400,1491130
401,1491167
402,1491247
403,1491294
404,1491352
405,1491355
406,1491443
407,1491542
408,1491591
409,1491834
410,1491884
411,1491945
412,1491968
413,1492032
414,1492175
415,1492387
416,1492403
417,1492583
418,1492610
419,1493168
420,1493188
421,1493476
422,1493522
423,1493625
424,1493682
425,1493710
426,1493896
427,1493930
428,1494047
429,1494058
430,1494126
431,1494137
432,1494221
433,1494225
434,1494339
435,1494359
436,1494417
437,1494450
438,1494457
439,1494530
440,1494612
441,1494724
442,1494832
443,1494855
444,1495102
445,1495554
446,1495596
447,1495597
448,1495791
449,1495797
450,1496115
451,1496279
452,1496495
453,1496565
454,1496772
455,1496818
456,1496869
457,1496987
458,1497067
459,1497184
460,1497272
461,1497284
462,1497907
463,1498298
464,1498510
465,1499068
466,1499082
467,1499185
468,1499292
469,1499366
470,1499571
471,1499910
472,1499913
473,1500147
474,1500210
475,1500240
476,1500448
477,1500525
478,1500540
479,1500559
480,1500637
481,1500748
482,1500806
483,1500946
484,1500965
485,1501021
486,1501068
487,1501113
488,1501122
489,1501146
490,1501285
491,1501353
492,1501374
493,1501405
494,1501441
495,1501672
496,1501741
497,1501781
498,1501782
499,1501880
500,1501942
501,1502100
502,1502187
503,1502191
504,1502316
505,1502346
506,1502413
507,1502426
508,1502427
509,1502521
510,1502525
511,1502615
512,1502728
513,1502771
514,1502808
515,1502878
516,1503097
517,1503105
518,1503168
519,1503221
520,1503347
521,1503395
522,1503432
523,1503474
524,1503741
525,1503773
526,1503824
527,1503980
528,1504070
529,1504094
530,1504468
531,1504473
532,1504506
533,1504578
534,1504998
535,1505317
536,1505392
537,1505509
538,1505838
539,1505942
540,1505945
541,1506161
542,1506212
543,1506245
544,1506263
545,1506286
546,1506296
547,1506427
548,1506757
549,1507348
550,1507651
551,1507835
552,1507871
553,1508019
554,1508021
555,1508024
556,1508448
557,1508482
558,1508695
559,1509175
560,1509194
561,1509407
562,1509463
563,1509478
564,1509562
565,1509830
566,1509866
567,1509991
568,1510422
569,1510895
570,1511199
571,1511269
572,1511332
573,1511372
574,1511513
575,1511875
576,1511995
577,1512056
578,1512138
579,1512524
580,1512580
581,1513038
582,1513074
583,1513085
584,1513387
585,1513497
586,1513616
587,1513861
588,1514080
589,1514238
590,1514485
591,1514662
592,1514681
593,1514713
594,1514765
595,1515166
596,1515185
597,1515400
598,1515402
599,1515441
600,1515553
601,1515562
602,1515574
603,1515635
604,1515674
605,1515682
606,1515897
607,1515921
608,1515966
609,1516025
610,1516087
611,1516325
612,1516383
613,1516441
614,1516676
615,1516739
616,1516829
617,1517009
618,1517397
619,1517766
620,1517769
621,1517837
622,1517852
623,1517935
624,1518045
625,1518224
626,1518309
627,1518445
628,1518674
629,1518690
630,1518711
631,1518773
632,1518879
633,1518904
634,1518933
635,1518961
636,1519143
637,1519276
638,1519277
639,1519280
640,1519342
641,1519365
642,1519396
643,1519607
644,1519658
645,1519754
646,1519759
647,1519788
648,1519791
649,1519966
650,1520042
651,1520236
652,1520291
653,1520548
654,1520568
655,1520572
656,1520579
657,1520807
658,1520857
659,1521054
660,1521111
661,1521184
662,1521623
663,1521703
664,1521890
665,1522139
666,1522238
667,1522524
668,1522630
669,1522674
670,1522675
671,1522702
672,1522716
673,1522802
674,1522915
675,1522921
676,1522944
677,1522969
678,1523088
679,1523229
680,1523339
681,1523350
682,1523402
683,1523486
684,1523575
685,1523806
686,1523839
687,1523867
688,1524015
689,1524070
690,1524157
691,1524178
692,1524389
693,1524412
694,1524570
695,1524684
696,1524846
697,1525116
698,1525137
699,1525166
700,1525284
701,1525453
702,1525691
703,1525821
704,1526154
705,1526307
706,1526488
707,1527027
708,1527250
709,1527766
710,1527851
711,1528016
712,1528052
713,1528578
714,1528647
715,1528899
716,1528987
717,1529009
718,1529101
719,1529156
720,1529972
721,1530139
722,1530270
723,1530457
724,1530577
725,1530596
726,1530653
727,1530765
728,1530784
729,1531028
730,1531080
731,1531177
732,1531480
733,1531601
734,1531626
735,1531707
736,1531785
737,1531798
738,1531801
739,1531818
740,1531866
741,1532058
742,1532075
743,1532103
744,1532130
745,1532244
746,1532279
747,1532473
748,1532514
749,1532713
750,1532848
751,1532864
752,1532907
753,1533018
754,1533156
755,1533172
756,1533264
757,1533332
758,1533496
759,1533581
760,1533785
761,1533883
762,1533932
763,1534187
764,1534199
765,1534323
766,1534336
767,1534362
768,1534539
769,1534630
770,1534673
771,1534897
772,1534966
773,1534974
774,1535066
775,1535134
776,1535161
777,1535228
778,1535257
779,1535291
780,1535511
781,1535514
782,1535538
783,1535641
784,1535661
785,1535818
786,1535996
787,1536307
788,1536334
789,1536446
790,1536502
791,1536529
792,1536645
793,1536647
794,1536888
795,1536937
796,1536956
797,1537127
798,1537270
799,1537325
800,1537342
801,1537447
802,1537494
803,1537589
804,1537751
805,1537770
806,1537784
807,1537851
808,1537898
809,1537993
810,1538010
811,1538156
812,1538224
813,1538258
814,1538351
815,1538373
816,1538557
817,1538562
818,1538708
819,1538720
820,1538752
821,1538939
822,1538986
823,1539092
824,1539129
825,1539254
826,1539274
827,1539404
828,1539434
829,1539447
830,1539452
831,1539459
832,1539590
833,1539631
834,1539808
835,1539964
836,1539978
837,1540173
838,1540224
839,1540358
840,1540477
841,1540650
842,1540871
843,1540978
844,1541035
845,1541065
846,1541100
847,1541164
848,1541184
849,1541239
850,1541376
851,1541454
852,1541641
853,1541744
854,1541752
855,1541981
856,1542099
857,1542404
858,1542519
859,1543128
860,1543185
861,1543275
862,1543314
863,1543788
864,1544102
865,1544406
866,1544480
867,1544568
868,1544591
869,1544677
870,1544749
871,1544958
872,1545298
873,1545479
874,1545800
875,1545834
876,1545862
877,1545883
878,1546072
879,1546306
880,1546379
881,1546408
882,1546600
883,1546684
884,1546724
885,1546751
886,1546760
887,1546884
888,1547059
889,1547236
890,1547248
891,1547291
892,1547786
893,1548260
894,1548337
895,1548343
896,1548365
897,1548430
898,1548642
899,1548707
900,1548794
901,1548985
902,1549094
903,1549299
904,1549357
905,1549439
906,1549465
907,1549691
908,1550083
909,1550261
910,1550316
911,1550372
912,1550388
913,1550430
914,1550539
915,1550568
916,1550672
917,1550905
918,1551010
919,1551101
920,1551145
921,1551254
922,1551290
923,1551370
924,1551502
925,1551522
926,1551821
927,1551868
928,1551950
929,1552043
930,1552287
931,1552330
932,1552389
933,1552458
934,1552507
935,1552802
936,1552940
937,1553105
938,1553134
939,1553321
940,1553385
941,1553392
942,1553676
943,1553817
944,1553854
945,1553912
946,1554047
947,1554124
948,1554418
949,1554526
950,1554606
951,1554656
952,1554725
953,1554728
954,1554731
955,1554812
956,1554875
957,1555004
958,1555022
959,1555173
960,1555278
961,1555286
962,1555328
963,1555337
964,1555508
965,1555733
966,1555750
967,1555800
968,1556046
969,1556047
970,1556076
971,1556085
972,1556132
973,1556199
974,1556242
975,1556470
976,1556683
977,1556761
978,1556860
979,1556889
980,1556976
981,1557247
982,1557282
983,1557621
984,1557738
985,1557940
986,1558168
987,1558177
988,1558666
989,1558773
990,1558993
991,1559011
992,1559118
993,1559144
994,1559573
995,1560035
996,1560053
997,1560081
998,1560082
999,1560094
1000,1560238
1001,1560529
1002,1560579
1003,1560711
1004,1560989
1005,1561009
1006,1561089
1007,1561153
1008,1561185
1009,1561213
1010,1561535
1011,1561892
1012,1562301
1013,1562331
1014,1562332
1015,1562838
1016,1563244
1017,1563334
1018,1563407
1019,1563462
1020,1563497
1021,1563620
1022,1563854
1023,1564115
1024,1564273
1025,1564359
1026,1564524
1027,1564598
1028,1564619
1029,1564924
1030,1564966
1031,1565076
1032,1565285
1033,1566186
1034,1566376
1035,1566664
1036,1566693
1037,1566753
1038,1566769
1039,1566825
1040,1566972
1041,1567126
1042,1567250
1043,1567380
1044,1567412
1045,1567474
1046,1567584
1047,1567695
1048,1567814
1049,1567930
1050,1567932
1051,1567992
1052,1568060
1053,1568097
1054,1568149
1055,1568381
1056,1568659
1057,1568707
1058,1568846
1059,1569007
1060,1569266
1061,1569275
1062,1569349
1063,1569427
1064,1569535
1065,1569612
1066,1569705
1067,1569809
1068,1569816
1069,1569989
1070,1570668
1071,1570819
1072,1570879
1073,1571126
1074,1571635
1075,1571861
1076,1571862
1077,1571928
1078,1572057
1079,1572131
1080,1572134
1081,1572286
1082,1572341
1083,1572538
1084,1572540
1085,1572543
1086,1572791
1087,1573049
1088,1573114
1089,1573300
1090,1573384
1091,1573420
1092,1573565
1093,1573613
1094,1573668
1095,1573689
1096,1573695
1097,1573942
1098,1573993
1099,1574308
1100,1574318
1101,1574486
1102,1574502
1103,1574599
1104,1574727
1105,1574888
1106,1575049
1107,1575151
1108,1575186
1109,1575191
1110,1575213
1111,1575236
1112,1575529
1113,1575567
1114,1575652
1115,1575816
1116,1575829
1117,1575849
1118,1575855
1119,1575875
1120,1575883
1121,1575885
1122,1575895
1123,1575986
1124,1576054
1125,1576122
1126,1576212
1127,1576216
1128,1576250
1129,1576263
1130,1576359
1131,1576433
1132,1576483
1133,1576636
1134,1576746
1135,1576850
1136,1576880
1137,1576885
1138,1576889
1139,1576956
1140,1576960
1141,1577052
1142,1577129
1143,1577238
1144,1577265
1145,1577332
1146,1577430
1147,1577681
1148,1577682
1149,1577692
1150,1577905
1151,1578147
1152,1578152
1153,1578244
1154,1578268
1155,1578400
1156,1578424
1157,1578655
1158,1578723
1159,1578805
1160,1579058
1161,1579106
1162,1579249
1163,1579265
1164,1579454
1165,1579497
1166,1579578
1167,1579605
1168,1579629
1169,1579823
1170,1579883
1171,1580002
1172,1580050
1173,1580114
1174,1580237
1175,1580242
1176,1580480
1177,1580546
1178,1580565
1179,1580571
1180,1580612
1181,1580675
1182,1580700
1183,1580711
1184,1580716
1185,1580766
1186,1581003
1187,1581011
1188,1581066
1189,1581130
1190,1581152
1191,1581221
1192,1581271
1193,1581556
1194,1581575
1195,1581637
1196,1581659
1197,1581928
1198,1581974
1199,1582096
1200,1582106
1201,1582370
1202,1582434
1203,1582603
1204,1582625
1205,1582715
1206,1582775
1207,1582798
1208,1582930
1209,1583028
1210,1583061
1211,1583085
1212,1583148
1213,1583331
1214,1583430
1215,1583643
1216,1583789
1217,1583828
1218,1583883
1219,1584047
1220,1584226
1221,1584259
1222,1584321
1223,1584379
1224,1584486
1225,1584597
1226,1584993
1227,1585081
1228,1585190
1229,1585484
1230,1585950
1231,1586015
1232,1586115
1233,1586210
1234,1586241
1235,1586264
1236,1586567
1237,1586570
1238,1586577
1239,1586690
1240,1586739
1241,1587055
1242,1587315
1243,1587366
1244,1587377
1245,1587638
1246,1587675
1247,1587819
1248,1587908
1249,1588078
1250,1588349
1251,1588358
1252,1588587
1253,1588699
1254,1588726
1255,1588912
1256,1588949
1257,1589462
1258,1589814
1259,1589838
1260,1589878
1261,1589879
1262,1590040
1263,1590144
1264,1590178
1265,1590367
1266,1590411
1267,1590455
1268,1590542
1269,1590670
1270,1590672
1271,1590707
1272,1590791
1273,1590930
1274,1591011
1275,1591035
1276,1591121
1277,1591150
1278,1591153
1279,1591337
1280,1591432
1281,1591706
1282,1591820
1283,1592078
1284,1592084
1285,1592167
1286,1592219
1287,1592229
1288,1592240
1289,1592381
1290,1592557
1291,1592814
1292,1592825
1293,1592939
1294,1592942
1295,1593025
1296,1593107
1297,1593140
1298,1593299
1299,1593376
1300,1593473
1301,1593616
1302,1593675
1303,1593745
1304,1593784
1305,1593878
1306,1593966
1307,1594049
1308,1594116
1309,1594196
1310,1594353
1311,1594357
1312,1594464
1313,1594513
1314,1594759
1315,1594819
1316,1595007
1317,1595171
1318,1595219
1319,1595242
1320,1595321
1321,1595359
1322,1595398
1323,1595589
1324,1595659
1325,1595831
1326,1595922
1327,1595928
1328,1596011
1329,1596075
1330,1596138
1331,1596235
1332,1596245
1333,1596249
1334,1596436
1335,1596541
1336,1596576
1337,1596963
1338,1597035
1339,1597107
1340,1597202
1341,1597395
1342,1597475
1343,1597488
1344,1597497
1345,1597615
1346,1597624
1347,1597753
1348,1597762
1349,1597786
1350,1597873
1351,1597880
1352,1597952
1353,1598104
1354,1598118
1355,1598173
1356,1598302
1357,1598482
1358,1598557
1359,1598606
1360,1598779
1361,1598780
1362,1598899
1363,1598977
1364,1599166
1365,1599525
1366,1599680
1367,1599886
1368,1600130
1369,1600194
1370,1600245
1371,1600259
1372,1600331
1373,1600374
1374,1600510
1375,1600636
1376,1600958
1377,1601148
1378,1601169
1379,1601264
1380,1601355
1381,1601396
1382,1601655
1383,1601710
1384,1601960
1385,1602088
1386,1602152
1387,1602310
1388,1602477
1389,1602522
1390,1602581
1391,1602598
1392,1602605
1393,1602611
1394,1602634
1395,1602872
1396,1602878
1397,1602992
1398,1603271
1399,1603363
1400,1603511
1401,1603798
1402,1603820
1403,1603828
1404,1604009
1405,1604186
1406,1604289
1407,1604358
1408,1604408
1409,1604424
1410,1604450
1411,1604606
1412,1604844
1413,1604845
1414,1604969
1415,1605010
1416,1605081
1417,1605285
1418,1605457
1419,1605590
1420,1605620
1421,1605637
1422,1605718
1423,1606092
1424,1606117
1425,1606151
1426,1606158
1427,1606517
1428,1606602
1429,1606719
1430,1606722
1431,1607139
1432,1607346
1433,1607410
1434,1607416
1435,1607478
1436,1607555
1437,1607586
1438,1607672
1439,1607754
1440,1607962
1441,1607973
1442,1608118
1443,1608629
1444,1608869
1445,1608887
1446,1609237
1447,1609534
1448,1609665
1449,1609699
1450,1609931
1451,1610066
1452,1610206
1453,1610382
1454,1610466
1455,1610556
1456,1610571
1457,1610628
1458,1610684
1459,1611388
1460,1611424
1461,1611483
1462,1611727
1463,1611815
1464,1611848
1465,1611859
1466,1611952
1467,1611960
1468,1612173
1469,1612293
1470,1612418
1471,1612515
1472,1612603
1473,1612606
1474,1612649
1475,1612658
1476,1612694
1477,1612706
1478,1612810
1479,1612856
1480,1612978
1481,1613281
1482,1613285
1483,1613554
1484,1613645
1485,1613653
1486,1613727
1487,1613844
1488,1613880
1489,1614058
1490,1614176
1491,1614217
1492,1614287
1493,1614375
1494,1614560
1495,1614602
1496,1615069
1497,1615166
1498,1615218
1499,1615274
1500,1615338
1501,1615506
1502,1615608
1503,1615692
1504,1615724
1505,1615726
1506,1615869
1507,1615904
1508,1616079
1509,1616118
1510,1616168
1511,1616233
1512,1616234
1513,1616361
1514,1616571
1515,1616595
1516,1616607
1517,1616656
1518,1616712
1519,1616744
1520,1616746
1521,1616872
1522,1616983
1523,1617077
1524,1617085
1525,1617125
1526,1617151
1527,1617171
1528,1617375
1529,1617960
1530,1618100
1531,1618205
1532,1618704
1533,1618790
1534,1618811
1535,1618931
1536,1618957
1537,1619031
1538,1619264
1539,1619356
1540,1619498
1541,1619653
1542,1619671
1543,1619689
1544,1619740
1545,1619901
1546,1619964
1547,1620004
1548,1620127
1549,1620166
1550,1620205
1551,1620349
1552,1620380
1553,1620399
1554,1620670
1555,1620789
1556,1620969
1557,1621195
1558,1621357
1559,1621359
1560,1621413
1561,1621486
1562,1621594
1563,1621664
1564,1621706
1565,1621725
1566,1621772
1567,1621915
1568,1622085
1569,1622203
1570,1622473
1571,1622544
1572,1622597
1573,1622659
1574,1622662
1575,1622672
1576,1622693
1577,1622754
1578,1622924
1579,1622951
1580,1623098
1581,1623194
1582,1623324
1583,1623345
1584,1623353
1585,1623443
1586,1623465
1587,1623466
1588,1623467
1589,1623651
1590,1623712
1591,1623752
1592,1623825
1593,1623885
1594,1623923
1595,1624034
1596,1624224
1597,1624383
1598,1624385
1599,1624474
1600,1624589
1601,1624700
1602,1624707
1603,1625021
1604,1625200
1605,1625208
1606,1625565
1607,1625662
1608,1625666
1609,1625672
1610,1625876
1611,1625923
1612,1625972
1613,1626259
1614,1626308
1615,1626451
1616,1626462
1617,1626483
1618,1626501
1619,1626602
1620,1626667
1621,1626675
1622,1626723
1623,1626778
1624,1626782
1625,1626898
1626,1627055
1627,1627121
1628,1627191
1629,1627277
1630,1627359
1631,1627437
1632,1627462
1633,1627528
1634,1627602
1635,1627646
1636,1627868
1637,1628053
1638,1628118
1639,1628198
1640,1628263
1641,1628334
1642,1628356
1643,1628426
1644,1628444
1645,1628545
1646,1628595
1647,1628630
1648,1628650
1649,1628821
1650,1628886
1651,1628928
1652,1628996
1653,1629026
1654,1629151
1655,1629264
1656,1629297
1657,1629331
1658,1629428
1659,1629505
1660,1629690
1661,1629893
1662,1629900
1663,1630144
1664,1630204
1665,1630368
1666,1630390
1667,1630396
1668,1630517
1669,1630526
1670,1630721
1671,1631056
1672,1631258
1673,1631301
1674,1631438
1675,1631459
1676,1631550
1677,1631666
1678,1631843
1679,1631912
1680,1631991
1681,1632023
1682,1632321
1683,1632538
1684,1632611
1685,1632723
1686,1632968
1687,1633018
1688,1633153
1689,1633192
1690,1633291
1691,1633402
1692,1633404
1693,1633609
1694,1633814
1695,1633857
1696,1633866
1697,1633868
1698,1634031
1699,1634143
1700,1634187
1701,1634257
1702,1634400
1703,1634493
1704,1634570
1705,1634603
1706,1634834
1707,1635282
1708,1635611
1709,1635830
1710,1635865
1711,1636024
1712,1636147
1713,1636366
1714,1636396
1715,1636397
1716,1636463
1717,1636546
1718,1636566
1719,1636568
1720,1636681
1721,1636793
1722,1636934
1723,1636970
1724,1637013
1725,1637049
1726,1637172
1727,1637208
1728,1637375
1729,1637447
1730,1637508
1731,1637806
1732,1637813
1733,1637897
1734,1638098
1735,1638156
1736,1638515
1737,1638642
1738,1638681
1739,1638790
1740,1638805
1741,1638818
1742,1638832
1743,1638865
1744,1638997
1745,1639018
1746,1639256
1747,1639285
1748,1639316
1749,1639532
1750,1639546
1751,1639571
1752,1639612
1753,1639630
1754,1639657
1755,1639674
1756,1639691
1757,1639743
1758,1639770
1759,1639886
1760,1639901
1761,1640083
1762,1640130
1763,1640164
1764,1640170
1765,1640289
1766,1640398
1767,1640442
1768,1640512
1769,1640669
1770,1640799
1771,1640942
1772,1641037
1773,1641243
1774,1641251
1775,1641278
1776,1641396
1777,1641476
1778,1641585
1779,1641602
1780,1641824
1781,1642147
1782,1642211
1783,1642271
1784,1642369
1785,1642386
1786,1642408
1787,1642470
1788,1642605
1789,1642718
1790,1642807
1791,1643158
1792,1643274
1793,1643277
1794,1643398
1795,1643530
1796,1643590
1797,1643706
1798,1643727
1799,1643828
1800,1643871
1801,1643962
1802,1643985
1803,1644108
1804,1644184
1805,1644261
1806,1644304
1807,1644394
1808,1644594
1809,1644605
1810,1644983
1811,1645034
1812,1645290
1813,1645508
1814,1645618
1815,1645658
1816,1645745
1817,1645936
1818,1646014
1819,1646115
1820,1646141
1821,1646178
1822,1646244
1823,1646287
1824,1646335
1825,1646440
1826,1646444
1827,1646487
1828,1646551
1829,1646576
1830,1646664
1831,1646683
1832,1646726
1833,1646730
1834,1646736
1835,1646864
1836,1646893
1837,1647274
1838,1647313
1839,1647644
1840,1647652
1841,1647934
1842,1647958
1843,1648073
1844,1648128
1845,1648456
1846,1648577
1847,1648597
1848,1648625
1849,1648664
1850,1648745
1851,1648774
1852,1648977
1853,1648988
1854,1649045
1855,1649060
1856,1649111
1857,1649270
1858,1649311
1859,1649382
1860,1649796
1861,1649815
1862,1649935
1863,1649950
1864,1650142
1865,1650190
1866,1650309
1867,1650315
1868,1650640
1869,1650774
1870,1650856
1871,1650920
1872,1651091
1873,1651161
1874,1651169
1875,1651514
1876,1651626
1877,1651749
1878,1651793
1879,1651868
1880,1651928
1881,1651946
1882,1651955
1883,1652042
1884,1652183
1885,1652224
1886,1652252
1887,1652318
1888,1652351
1889,1652374
1890,1652409
1891,1652518
1892,1652712
1893,1652728
1894,1652766
1895,1652915
1896,1653222
1897,1653297
1898,1653332
1899,1653409
1900,1653556
1901,1653655
1902,1653707
1903,1653734
1904,1653742
1905,1653794
1906,1653924
1907,1653996
1908,1654065
1909,1654089
1910,1654094
1911,1654131
1912,1654170
1913,1654253
1914,1654303
1915,1654540
1916,1654678
1917,1654728
1918,1654772
1919,1654805
1920,1654931
1921,1654968
1922,1655000
1923,1655112
1924,1655135
1925,1655152
1926,1655215
1927,1655236
1928,1655259
1929,1655302
1930,1655310
1931,1655312
1932,1655370
1933,1655481
1934,1655636
1935,1655841
1936,1655854
1937,1655906
1938,1655907
1939,1655963
1940,1655977
1941,1656020
1942,1656056
1943,1656133
1944,1656180
1945,1656472
1946,1656489
1947,1656532
1948,1656578
1949,1656654
1950,1656677
1951,1656685
1952,1656714
1953,1656734
1954,1656768
1955,1656796
1956,1656818
1957,1656838
1958,1656907
1959,1656913
1960,1656988
1961,1657045
1962,1657138
1963,1657228
1964,1657303
1965,1657322
1966,1657734
1967,1657918
1968,1658165
1969,1658202
1970,1658248
1971,1658388
1972,1658411
1973,1658588
1974,1658720
1975,1658771
1976,1658849
1977,1658966
1978,1659090
1979,1659176
1980,1659468
1981,1659522
1982,1659541
1983,1659569
1984,1659638
1985,1659864
1986,1659875
1987,1660009
1988,1660032
1989,1660045
1990,1660053
1991,1660119
1992,1660126
1993,1660176
1994,1660267
1995,1660277
1996,1660302
1997,1660378
1998,1660610
1999,1660774
2000,1660806
2001,1660812
2002,1660906
2003,1660952
2004,1660953
2005,1661069
2006,1661218
2007,1661270
2008,1661413
2009,1661545
2010,1661576
2011,1661582
2012,1661734
2013,1661844
2014,1661919
2015,1661983
2016,1662109
2017,1662127
2018,1662272
2019,1662322
2020,1662331
2021,1662344
2022,1662373
2023,1662388
2024,1662393
2025,1662394
2026,1662403
2027,1662454
2028,1662616
2029,1662657
2030,1662735
2031,1662978
2032,1662984
2033,1663231
2034,1663318
2035,1663455
2036,1663504
2037,1663643
2038,1664002
2039,1664117
2040,1664136
2041,1664141
2042,1664271
2043,1664359
2044,1664391
2045,1664489
2046,1664533
2047,1664538
2048,1664567
2049,1664569
2050,1664660
2051,1664690
2052,1664774
2053,1664780
2054,1664980
2055,1665043
2056,1665152
2057,1665204
2058,1665385
2059,1665465
2060,1665497
2061,1665557
2062,1665602
2063,1665680
2064,1665690
2065,1665775
2066,1665928
2067,1665950
2068,1666057
2069,1666124
2070,1666193
2071,1666197
2072,1666333
2073,1666426
2074,1666462
2075,1666686
2076,1666724
2077,1666780
2078,1666886
2079,1666890
2080,1666905
2081,1666947
2082,1667014
2083,1667163
2084,1667184
2085,1667194
2086,1667254
2087,1667311
2088,1667418
2089,1667525
2090,1667589
2091,1667637
2092,1667717
2093,1667782
2094,1667827
2095,1667912
2096,1667969
2097,1668025
2098,1668032
2099,1668102
2100,1668131
2101,1668337
2102,1668386
2103,1668762
2104,1668767
2105,1668786
2106,1668792
2107,1668867
2108,1669049
2109,1669079
2110,1669236
2111,1669294
2112,1669345
2113,1669375
2114,1669378
2115,1669522
2116,1669865
2117,1669941
2118,1669972
2119,1670053
2120,1670226
2121,1670484
2122,1670652
2123,1670654
2124,1670772
2125,1670926
2126,1671008
2127,1671034
2128,1671049
2129,1671091
2130,1671248
2131,1671549
2132,1671678
2133,1671687
2134,1671736
2135,1671963
2136,1671967
2137,1672002
2138,1672144
2139,1672231
2140,1672314
2141,1672346
2142,1672416
2143,1672433
2144,1672475
2145,1672555
2146,1672573
2147,1672586
2148,1672703
2149,1672719
2150,1672812
2151,1672828
2152,1672852
2153,1672920
2154,1673037
2155,1673152
2156,1673238
2157,1673316
2158,1673332
2159,1673371
2160,1673441
2161,1673455
2162,1673467
2163,1673538
2164,1673581
2165,1673584
2166,1673593
2167,1673634
2168,1673637
2169,1673656
2170,1673756
2171,1673808
2172,1673879
2173,1673917
2174,1674097
2175,1674439
2176,1674441
2177,1674496
2178,1674526
2179,1674556
2180,1674590
2181,1674763
2182,1674959
2183,1675001
2184,1675148
2185,1675202
2186,1675263
2187,1675380
2188,1675388
2189,1675457
2190,1675479
2191,1675486
2192,1675550
2193,1675554
2194,1675651
2195,1675771
2196,1675778
2197,1675779
2198,1675793
2199,1675795
2200,1675842
2201,1675916
2202,1676050
2203,1676125
2204,1676231
2205,1676451
2206,1676478
2207,1676492
2208,1676522
2209,1676537
2210,1676600
2211,1676773
2212,1676878
2213,1677064
2214,1677075
2215,1677164
2216,1677247
2217,1677301
2218,1677486
2219,1677656
2220,1677756
2221,1677794
2222,1677830
2223,1677862
2224,1677879
2225,1677925
2226,1677960
2227,1678047
2228,1678444
2229,1678511
2230,1678550
2231,1678556
2232,1678743
2233,1678785
2234,1678903
2235,1678939
2236,1679162
2237,1679281
2238,1679417
2239,1679658
2240,1679801
2241,1679883
2242,1680006
2243,1680026
2244,1680073
2245,1680113
2246,1680222
2247,1680297
2248,1680300
2249,1680385
2250,1680432
2251,1680448
2252,1680534
2253,1680740
2254,1681027
2255,1681146
2256,1681177
2257,1681387
2258,1681544
2259,1681643
2260,1681710
2261,1681722
2262,1681848
2263,1681909
2264,1682002
2265,1682188
2266,1682201
2267,1682208
2268,1682212
2269,1682252
2270,1682307
2271,1682424
2272,1682471
2273,1682631
2274,1682665
2275,1682698
2276,1682734
2277,1682866
2278,1682905
2279,1682957
2280,1683175
2281,1683215
2282,1683308
2283,1683340
2284,1683515
2285,1683531
2286,1683614
2287,1683740
2288,1683759
2289,1683850
2290,1684121
2291,1684213
2292,1684257
2293,1684496
2294,1684543
2295,1684623
2296,1684791
2297,1684797
2298,1684832
2299,1684849
2300,1684881
2301,1685190
2302,1685277
2303,1685529
2304,1685576
2305,1685631
2306,1685670
2307,1685681
2308,1685941
2309,1686008
2310,1686035
2311,1686103
2312,1686290
2313,1686347
2314,1686403
2315,1686411
2316,1686633
2317,1686895
2318,1686911
2319,1686912
2320,1686919
2321,1686933
2322,1686946
2323,1687011
2324,1687112
2325,1687147
2326,1687151
2327,1687199
2328,1687339
2329,1687355
2330,1687430
2331,1687434
2332,1687545
2333,1687554
2334,1687631
2335,1687671
2336,1687709
2337,1687767
2338,1687786
2339,1687905
2340,1687998
2341,1688070
2342,1688073
2343,1688150
2344,1688187
2345,1688207
2346,1688209
2347,1688539
2348,1688606
2349,1688645
2350,1688711
2351,1688762
2352,1688787
2353,1688804
2354,1688959
2355,1688968
2356,1689124
2357,1689132
2358,1689189
2359,1689298
2360,1689350
2361,1689472
2362,1689534
2363,1689552
2364,1689596
2365,1689707
2366,1689768
2367,1689981
2368,1690008
2369,1690056
2370,1690209
2371,1690245
2372,1690302
2373,1690422
2374,1690504
2375,1690518
2376,1690588
2377,1690597
2378,1690609
2379,1690846
2380,1690856
2381,1691290
2382,1691336
2383,1691366
2384,1691387
2385,1691400
2386,1691408
2387,1691474
2388,1691500
2389,1691636
2390,1691930
2391,1692160
2392,1692221
2393,1692226
2394,1692301
2395,1692357
2396,1692385
2397,1692441
2398,1692634
2399,1692711
2400,1692783
2401,1692931
2402,1692946
2403,1693034
2404,1693037
2405,1693224
2406,1693525
2407,1693643
2408,1693872
2409,1693951
2410,1693965
2411,1694077
2412,1694267
2413,1694280
2414,1694296
2415,1694458
2416,1694558
2417,1694611
2418,1694614
2419,1694676
2420,1694687
2421,1694852
2422,1694880
2423,1694938
2424,1694945
2425,1695129
2426,1695176
2427,1695191
2428,1695234
2429,1695286
2430,1695414
2431,1695533
2432,1695571
2433,1695695
2434,1695750
2435,1695770
2436,1695816
2437,1695817
2438,1695877
2439,1695971
2440,1696001
2441,1696059
2442,1696099
2443,1696242
2444,1696477
2445,1696535
2446,1696556
2447,1696756
2448,1696769
2449,1696841
2450,1696938
2451,1696945
2452,1696975
2453,1697009
2454,1697080
2455,1697115
2456,1697217
2457,1697226
2458,1697279
2459,1697383
2460,1697396
2461,1697417
2462,1697717
2463,1697804
2464,1697878
2465,1697888
2466,1697957
2467,1698022
2468,1698208
2469,1698359
2470,1698388
2471,1698421
2472,1698561
2473,1698568
2474,1698636
2475,1699013
2476,1699216
2477,1699306
2478,1699323
2479,1699372
2480,1699422
2481,1699630
2482,1699772
2483,1699774
2484,1699964
2485,1700222
2486,1700229
2487,1700394
2488,1700601
2489,1700672
2490,1700759
2491,1700932
2492,1700955
2493,1701049
2494,1701104
2495,1701302
2496,1701324
2497,1701592
2498,1701619
2499,1701746
2500,1701786
2501,1701847
2502,1701854
2503,1701864
2504,1702067
2505,1702070
2506,1702126
2507,1702160
2508,1702176
2509,1702245
2510,1702359
2511,1702416
2512,1702455
2513,1702532
2514,1702549
2515,1702632
2516,1702686
2517,1702716
2518,1702785
2519,1702922
2520,1703002
2521,1703010
2522,1703193
2523,1703240
2524,1703332
2525,1703439
2526,1703621
2527,1703639
2528,1703928
2529,1703937
2530,1703973
2531,1703975
2532,1704067
2533,1704115
2534,1704222
2535,1704260
2536,1704426
2537,1704517
2538,1704649
2539,1704789
2540,1704854
2541,1704938
2542,1705056
2543,1705240
2544,1705340
2545,1705343
2546,1705362
2547,1705586
2548,1705645
2549,1705714
2550,1705880
2551,1705981
2552,1705991
2553,1706127
2554,1706170
2555,1706210
2556,1706236
2557,1706405
2558,1706531
2559,1706691
2560,1706736
2561,1706803
2562,1706866
2563,1707002
2564,1707016
2565,1707021
2566,1707035
2567,1707094
2568,1707246
2569,1707311
2570,1707327
2571,1707331
2572,1707374
2573,1707454
2574,1707576
2575,1707615
2576,1707645
2577,1707691
2578,1707915
2579,1707946
2580,1707994
2581,1708067
2582,1708087
2583,1708093
2584,1708114
2585,1708177
2586,1708332
2587,1708542
2588,1708581
2589,1708668
2590,1708732
2591,1708964
2592,1709040
2593,1709078
2594,1709196
2595,1709207
2596,1709326
2597,1709416
2598,1709422
2599,1709497
2600,1709565
2601,1709811
2602,1709948
2603,1710166
2604,1710205
2605,1710459
2606,1710490
2607,1710558
2608,1710594
2609,1710609
2610,1710618
2611,1710739
2612,1710745
2613,1710926
2614,1710984
2615,1711060
2616,1711124
2617,1711147
2618,1711221
2619,1711226
2620,1711283
2621,1711439
2622,1711468
2623,1711476
2624,1711606
2625,1711642
2626,1711680
2627,1711807
2628,1711845
2629,1712095
2630,1712167
2631,1712184
2632,1712295
2633,1712308
2634,1712355
2635,1712384
2636,1712523
2637,1712590
2638,1712634
2639,1712644
2640,1712660
2641,1712725
2642,1712759
2643,1712845
2644,1712880
2645,1712903
2646,1712937
2647,1712973
2648,1713020
2649,1713086
2650,1713227
2651,1713279
2652,1713280
2653,1713367
2654,1713395
2655,1713544
2656,1713545
2657,1713572
2658,1713628
2659,1713629
2660,1713700
2661,1713780
2662,1713794
2663,1713957
2664,1714044
2665,1714088
2666,1714168
2667,1714171
2668,1714215
2669,1714358
2670,1714369
2671,1714479
2672,1714491
2673,1714585
2674,1714592
2675,1714600
2676,1714651
2677,1714665
2678,1714725
2679,1714743
2680,1714857
2681,1714942
2682,1714978
2683,1715093
2684,1715103
2685,1715104
2686,1715137
2687,1715146
2688,1715213
2689,1715294
2690,1715373
2691,1715412
2692,1715417
2693,1715564
2694,1715578
2695,1715611
2696,1715633
2697,1715668
2698,1715849
2699,1715898
2700,1715910
2701,1716047
2702,1716090
2703,1716093
2704,1716153
2705,1716215
2706,1716247
2707,1716311
2708,1716345
2709,1716351
2710,1716375
2711,1716439
2712,1716482
2713,1716640
2714,1716727
2715,1716730
2716,1716733
2717,1716769
2718,1716810
2719,1716817
2720,1716873
2721,1716889
2722,1716967
2723,1717015
2724,1717101
2725,1717103
2726,1717131
2727,1717235
2728,1717245
2729,1717271
2730,1717349
2731,1717465
2732,1717476
2733,1717588
2734,1717641
2735,1717698
2736,1717751
2737,1717884
2738,1717980
2739,1718054
2740,1718099
2741,1718115
2742,1718173
2743,1718341
2744,1718347
2745,1718391
2746,1718703
2747,1718938
2748,1718995
2749,1719028
2750,1719284
2751,1719309
2752,1719408
2753,1719431
2754,1719496
2755,1719516
2756,1719544
2757,1719642
2758,1719695
2759,1719771
2760,1719798
2761,1719933
2762,1720250
2763,1720277
2764,1720357
2765,1720451
2766,1720498
2767,1720517
2768,1720561
2769,1720573
2770,1720615
2771,1720743
2772,1720759
2773,1720789
2774,1720796
2775,1720882
2776,1720918
2777,1720930
2778,1721044
2779,1721076
2780,1721089
2781,1721137
2782,1721167
2783,1721184
2784,1721280
2785,1721336
2786,1721478
2787,1721498
2788,1721585
2789,1721639
2790,1721665
2791,1721838
2792,1721858
2793,1721930
2794,1721940
2795,1722099
2796,1722121
2797,1722175
2798,1722218
2799,1722278
2800,1722284
2801,1722351
2802,1722373
2803,1722484
2804,1722593
2805,1722605
2806,1722645
2807,1722648
2808,1722673
2809,1722683
2810,1722687
2811,1722693
2812,1722768
2813,1722854
2814,1722866
2815,1722888
2816,1722927
2817,1722981
2818,1722989
2819,1723022
2820,1723028
2821,1723076
2822,1723112
2823,1723153
2824,1723228
2825,1723293
2826,1723350
2827,1723473
2828,1723493
2829,1723542
2830,1723550
2831,1723567
2832,1723596
2833,1723744
2834,1723763
2835,1723781
2836,1723794
2837,1723811
2838,1723832
2839,1723897
2840,1723992
2841,1723994
2842,1724018
2843,1724037
2844,1724122
2845,1724283
2846,1724297
2847,1724311
2848,1724317
2849,1724400
2850,1724436
2851,1724472
2852,1724625
2853,1725042
2854,1725072
2855,1725116
2856,1725142
2857,1725210
2858,1725290
2859,1725299
2860,1725308
2861,1725427
2862,1725432
2863,1725474
2864,1725491
2865,1725495
2866,1725584
2867,1725649
2868,1725769
2869,1725799
2870,1725804
2871,1725938
2872,1725949
2873,1725970
2874,1726091
2875,1726199
2876,1726228
2877,1726244
2878,1726365
2879,1726521
2880,1726583
2881,1726604
2882,1726664
2883,1726687
2884,1726705
2885,1726777
2886,1726792
2887,1726850
2888,1726993
2889,1727036
2890,1727067
2891,1727107
2892,1727156
2893,1727185
2894,1727264
2895,1727319
2896,1727412
2897,1727474
2898,1727654
2899,1727726
2900,1727730
2901,1727774
2902,1727782
2903,1727796
2904,1727799
2905,1727811
2906,1727849
2907,1727856
2908,1727962
2909,1727966
2910,1727988
2911,1728013
2912,1728038
2913,1728160
2914,1728251
2915,1728265
2916,1728382
2917,1728434
2918,1728591
2919,1728598
2920,1728603
2921,1728612
2922,1728662
2923,1728681
2924,1728685
2925,1728697
2926,1728990
2927,1729057
2928,1729069
2929,1729143
2930,1729169
2931,1729171
2932,1729255
2933,1729282
2934,1729369
2935,1729402
2936,1729421
2937,1729500
2938,1729673
2939,1729736
2940,1729754
2941,1729837
2942,1729859
2943,1729918
2944,1730171
2945,1730264
2946,1730377
2947,1730487
2948,1730594
2949,1730727
2950,1730815
2951,1731111
2952,1731159
2953,1731179
2954,1731196
2955,1731229
2956,1731374
2957,1731403
2958,1731414
2959,1731427
2960,1731433
2961,1731442
2962,1731585
2963,1731618
2964,1731797
2965,1731798
2966,1731817
2967,1731866
2968,1731909
2969,1732103
2970,1732209
2971,1732246
2972,1732249
2973,1732254
2974,1732333
2975,1732387
2976,1732505
2977,1732545
2978,1732633
2979,1732663
2980,1732704
2981,1732777
2982,1732844
2983,1732870
2984,1732893
2985,1732905
2986,1732935
2987,1732972
2988,1733067
2989,1733129
2990,1733143
2991,1733266
2992,1733329
2993,1733459
2994,1733789
2995,1733843
2996,1733962
2997,1734031
2998,1734047
2999,1734245
3000,1734344
3001,1734442
3002,1734528
3003,1734840
3004,1734873
3005,1734991
3006,1735028
3007,1735110
3008,1735124
3009,1735244
3010,1735259
3011,1735317
3012,1735367
3013,1735529
3014,1735679
3015,1735699
3016,1735771
3017,1735783
3018,1735818
3019,1735847
3020,1735984
3021,1736075
3022,1736259
3023,1736332
3024,1736504
3025,1736538
3026,1736549
3027,1736585
3028,1736647
3029,1736692
3030,1736693
3031,1736834
3032,1736851
3033,1736893
3034,1737110
3035,1737139
3036,1737186
3037,1737230
3038,1737381
3039,1737503
3040,1737509
3041,1737572
3042,1737661
3043,1737682
3044,1737709
3045,1737758
3046,1737801
3047,1737806
3048,1737890
3049,1738032
3050,1738048
3051,1738063
3052,1738127
3053,1738134
3054,1738166
3055,1738278
3056,1738283
3057,1738464
3058,1738507
3059,1738557
3060,1738568
3061,1738606
3062,1738609
3063,1738782
3064,1738849
3065,1738930
3066,1738942
3067,1738947
3068,1739156
3069,1739184
3070,1739190
3071,1739192
3072,1739242
3073,1739347
3074,1739355
3075,1739368
3076,1739380
3077,1739637
3078,1739662
3079,1739752
3080,1739898
3081,1739906
3082,1740033
3083,1740126
3084,1740192
3085,1740244
3086,1740252
3087,1740417
3088,1740474
3089,1740534
3090,1740544
3091,1740596
3092,1740607
3093,1740641
3094,1740695
3095,1740785
3096,1740789
3097,1740832
3098,1740900
3099,1741069
3100,1741086
3101,1741154
3102,1741171
3103,1741188
3104,1741249
3105,1741272
3106,1741310
3107,1741339
3108,1741477
3109,1741527
3110,1741551
3111,1741561
3112,1741629
3113,1741702
3114,1741706
3115,1741771
3116,1741782
3117,1741784
3118,1741803
3119,1741804
3120,1741838
3121,1741906
3122,1741916
3123,1741944
3124,1742167
3125,1742188
3126,1742205
3127,1742298
3128,1742326
3129,1742361
3130,1742515
3131,1742705
3132,1742710
3133,1742742
3134,1742971
3135,1743025
3136,1743123
3137,1743193
3138,1743217
3139,1743264
3140,1743393
3141,1743427
3142,1743432
3143,1743450
3144,1743451
3145,1743611
3146,1743648
3147,1743726
3148,1743737
3149,1743851
3150,1743906
3151,1744022
3152,1744040
3153,1744349
3154,1744397
3155,1744434
3156,1744515
3157,1744550
3158,1744717
3159,1744722
3160,1744835
3161,1744858
3162,1744862
3163,1745088
3164,1745209
3165,1745220
3166,1745237
3167,1745257
3168,1745337
3169,1745417
3170,1745434
3171,1745459
3172,1745499
3173,1745619
3174,1745663
3175,1745669
3176,1745805
3177,1746070
3178,1746115
3179,1746119
3180,1746140
3181,1746238
3182,1746245
3183,1746277
3184,1746384
3185,1746430
3186,1746538
3187,1746627
3188,1746629
3189,1746820
3190,1746836
3191,1746865
3192,1746932
3193,1746945
3194,1746947
3195,1746974
3196,1746997
3197,1747144
3198,1747195
3199,1747229
3200,1747230
3201,1747240
3202,1747278
3203,1747357
3204,1747431
3205,1747477
3206,1747504
3207,1747551
3208,1747570
3209,1747604
3210,1747746
3211,1747758
3212,1747761
3213,1747858
3214,1747975
3215,1747978
3216,1747981
3217,1748057
3218,1748108
3219,1748128
3220,1748252
3221,1748256
3222,1748438
3223,1748440
3224,1748457
3225,1748463
3226,1748492
3227,1748592
3228,1748680
3229,1748761
3230,1748887
3231,1748902
3232,1749026
3233,1749296
3234,1749321
3235,1749339
3236,1749430
3237,1749435
3238,1749576
3239,1749644
3240,1749748
3241,1749782
3242,1749790
3243,1749871
3244,1749890
3245,1750065
3246,1750167
3247,1750265
3248,1750294
3249,1750345
3250,1750384
3251,1750451
3252,1750527
3253,1750538
3254,1750565
3255,1750610
3256,1750638
3257,1750651
3258,1750662
3259,1750821
3260,1750839
3261,1750888
3262,1750944
3263,1750950
3264,1750952
3265,1750974
3266,1751065
3267,1751181
3268,1751242
3269,1751260
3270,1751281
3271,1751499
3272,1751524
3273,1751668
3274,1751719
3275,1751811
3276,1751850
3277,1751930
3278,1752016
3279,1752406
3280,1752694
3281,1752726
3282,1752732
3283,1752741
3284,1752858
3285,1752995
3286,1753162
3287,1753168
3288,1753246
3289,1753320
3290,1753512
3291,1753530
3292,1753533
3293,1753535
3294,1753667
3295,1754017
3296,1754232
3297,1754304
3298,1754338
3299,1754451
3300,1754456
3301,1754741
3302,1754816
3303,1755080
3304,1755108
3305,1755180
3306,1755200
3307,1755254
3308,1755590
3309,1755672
3310,1755708
3311,1755849
3312,1755929
3313,1755934
3314,1756058
3315,1756070
3316,1756102
3317,1756203
3318,1756323
3319,1756402
3320,1756422
3321,1756475
3322,1756512
3323,1756525
3324,1756551
3325,1756570
3326,1756581
3327,1756655
3328,1756705
3329,1756761
3330,1756776
3331,1756807
3332,1756878
3333,1756969
3334,1756977
3335,1757183
3336,1757255
3337,1757273
3338,1757292
3339,1757298
3340,1757332
3341,1757352
3342,1757398
3343,1757417
3344,1757472
3345,1757477
3346,1757510
3347,1757535
3348,1757765
3349,1757792
3350,1757805
3351,1757817
3352,1757845
3353,1757859
3354,1757874
3355,1757894
3356,1757904
3357,1757957
3358,1757967
3359,1757982
3360,1757997
3361,1758030
3362,1758037
3363,1758061
3364,1758100
3365,1758171
3366,1758183
3367,1758233
3368,1758402
3369,1758468
3370,1758513
3371,1758588
3372,1758633
3373,1758636
3374,1758674
3375,1758825
3376,1758835
3377,1758845
3378,1758880
3379,1758987
3380,1759066
3381,1759087
3382,1759215
3383,1759380
3384,1759477
3385,1759543
3386,1759679
3387,1759683
3388,1759784
3389,1759874
3390,1759895
3391,1759899
3392,1760127
3393,1760306
3394,1760344
3395,1760347
3396,1760390
3397,1760392
3398,1760413
3399,1760458
3400,1760505
3401,1760589
3402,1760776
3403,1760802
3404,1760820
3405,1761153
3406,1761170
3407,1761225
3408,1761267
3409,1761337
3410,1761351
3411,1761422
3412,1761535
3413,1761581
3414,1761637
3415,1761645
3416,1761759
3417,1761883
3418,1761894
3419,1761902
3420,1761926
3421,1761937
3422,1761969
3423,1762004
3424,1762035
3425,1762109
3426,1762197
3427,1762372
3428,1762442
3429,1762470
3430,1762483
3431,1762488
3432,1762513
3433,1762541
3434,1762640
3435,1762677
3436,1762743
3437,1762808
3438,1762841
3439,1762860
3440,1762890
3441,1762922
3442,1762962
3443,1762983
3444,1763044
3445,1763071
3446,1763129
3447,1763326
3448,1763415
3449,1763421
3450,1763500
3451,1763580
3452,1763602
3453,1763639
3454,1763694
3455,1763755
3456,1763841
3457,1763995
3458,1764030
3459,1764102
3460,1764123
3461,1764305
3462,1764343
3463,1764444
3464,1764655
3465,1764720
3466,1764789
3467,1764808
3468,1764809
3469,1764911
3470,1764918
3471,1765013
3472,1765036
3473,1765291
3474,1765475
3475,1765700
3476,1765901
3477,1765961
3478,1765998
3479,1766083
3480,1766096
3481,1766208
3482,1766345
3483,1766349
3484,1766365
3485,1766402
3486,1766454
3487,1766559
3488,1766645
3489,1766818
3490,1766839
3491,1766907
3492,1767051
3493,1767055
3494,1767127
3495,1767226
3496,1767285
3497,1767286
3498,1767388
3499,1767420
3500,1767481
3501,1767496
3502,1767628
3503,1767781
3504,1767852
3505,1767853
3506,1768026
3507,1768085
3508,1768104
3509,1768108
3510,1768194
3511,1768241
3512,1768258
3513,1768277
3514,1768287
3515,1768288
3516,1768326
3517,1768431
3518,1768650
3519,1768748
3520,1768857
3521,1768997
3522,1769071
3523,1769074
3524,1769107
3525,1769175
3526,1769247
3527,1769267
3528,1769445
3529,1769502
3530,1769543
3531,1769552
3532,1769724
3533,1769742
3534,1769815
3535,1769817
3536,1769952
3537,1769962
3538,1769984
3539,1769985
3540,1770051
3541,1770129
3542,1770147
3543,1770243
3544,1770458
3545,1770548
3546,1770599
3547,1770609
3548,1770686
3549,1770743
3550,1770888
3551,1770908
3552,1770915
3553,1770926
3554,1770948
3555,1770980
3556,1771014
3557,1771140
3558,1771143
3559,1771172
3560,1771288
3561,1771303
3562,1771327
3563,1771375
3564,1771482
3565,1771488
3566,1771525
3567,1771535
3568,1771682
3569,1771824
3570,1771832
3571,1771833
3572,1771847
3573,1771962
3574,1772056
3575,1772064
3576,1772147
3577,1772274
3578,1772333
3579,1772347
3580,1772352
3581,1772373
3582,1772415
3583,1772463
3584,1772529
3585,1772530
3586,1772624
3587,1772747
3588,1772795
3589,1772822
3590,1772874
3591,1772911
3592,1772914
3593,1772976
3594,1773055
3595,1773059
3596,1773093
3597,1773264
3598,1773449
3599,1773492
3600,1773501
3601,1773784
3602,1773818
3603,1773838
3604,1774117
3605,1774280
3606,1774299
3607,1774384
3608,1774410
3609,1774607
3610,1774670
3611,1774707
3612,1774759
3613,1774840
3614,1775000
3615,1775195
3616,1775297
3617,1775313
3618,1775488
3619,1775496
3620,1775520
3621,1775641
3622,1775765
3623,1775783
3624,1776048
3625,1776053
3626,1776074
3627,1776146
3628,1776171
3629,1776356
3630,1776529
3631,1776647
3632,1776679
3633,1776695
3634,1776718
3635,1776726
3636,1776743
3637,1776784
3638,1776789
3639,1776850
3640,1776905
3641,1777018
3642,1777078
3643,1777309
3644,1777365
3645,1777445
3646,1777506
3647,1777567
3648,1777723
3649,1777941
3650,1778041
3651,1778275
3652,1778356
3653,1778371
3654,1778388
3655,1778462
3656,1778476
3657,1778512
3658,1778564
3659,1778569
3660,1778604
3661,1778622
3662,1778687
3663,1778834
3664,1778836
3665,1778861
3666,1778863
3667,1779100
3668,1779236
3669,1779257
3670,1779276
3671,1779332
3672,1779344
3673,1779386
3674,1779430
3675,1779465
3676,1779598
3677,1779625
3678,1779626
3679,1779647
3680,1779653
3681,1779690
3682,1779830
3683,1779859
3684,1779862
3685,1779884
3686,1779926
3687,1780014
3688,1780080
3689,1780112
3690,1780166
3691,1780191
3692,1780241
3693,1780299
3694,1780465
3695,1780471
3696,1780682
3697,1780825
3698,1780953
3699,1780988
3700,1781075
3701,1781175
3702,1781195
3703,1781199
3704,1781415
3705,1781670
3706,1781780
3707,1781799
3708,1781843
3709,1781876
3710,1781986
3711,1781990
3712,1782026
3713,1782089
3714,1782099
3715,1782165
3716,1782198
3717,1782213
3718,1782219
3719,1782220
3720,1782261
3721,1782374
3722,1782576
3723,1782626
3724,1782655
3725,1782858
3726,1782891
3727,1783053
3728,1783074
3729,1783087
3730,1783107
3731,1783210
3732,1783228
3733,1783239
3734,1783258
3735,1783677
3736,1784005
3737,1784034
3738,1784045
3739,1784055
3740,1784057
3741,1784074
3742,1784093
3743,1784161
3744,1784332
3745,1784338
3746,1784359
3747,1784399
3748,1784448
3749,1784494
3750,1784499
3751,1784509
3752,1784561
3753,1784564
3754,1784585
3755,1784597
3756,1784682
3757,1784707
3758,1784724
3759,1784768
3760,1785001
3761,1785046
3762,1785128
3763,1785142
3764,1785249
3765,1785264
3766,1785298
3767,1785376
3768,1785475
3769,1785707
3770,1785792
3771,1785867
3772,1786093
3773,1786188
3774,1786225
3775,1786427
3776,1786670
3777,1786727
3778,1786777
3779,1786786
3780,1786788
3781,1786869
3782,1786990
3783,1787030
3784,1787041
3785,1787137
3786,1787305
3787,1787388
3788,1787513
3789,1787519
3790,1787523
3791,1787547
3792,1787564
3793,1787672
3794,1787680
3795,1787762
3796,1787765
3797,1787797
3798,1787849
3799,1787911
3800,1787973
3801,1788040
3802,1788152
3803,1788210
3804,1788285
3805,1788317
3806,1788333
3807,1788469
3808,1788488
3809,1788566
3810,1788628
3811,1788784
3812,1788992
3813,1789107
3814,1789312
3815,1789356
3816,1789445
3817,1789446
3818,1789461
3819,1789515
3820,1789581
3821,1789595
3822,1789703
3823,1789724
3824,1789734
3825,1789745
3826,1789819
3827,1789970
3828,1789983
3829,1790025
3830,1790094
3831,1790135
3832,1790171
3833,1790309
3834,1790415
3835,1790563
3836,1790591
3837,1790629
3838,1790691
3839,1790758
3840,1790779
3841,1790913
3842,1790950
3843,1790990
3844,1791135
3845,1791145
3846,1791173
3847,1791263
3848,1791309
3849,1791338
3850,1791359
3851,1791404
3852,1791580
3853,1791615
3854,1791746
3855,1791832
3856,1791840
3857,1791919
3858,1791931
3859,1791932
3860,1791994
3861,1791995
3862,1792020
3863,1792036
3864,1792109
3865,1792115
3866,1792253
3867,1792257
3868,1792368
3869,1792378
3870,1792400
3871,1792487
3872,1792510
3873,1792559
3874,1792643
3875,1792671
3876,1792892
3877,1792932
3878,1792989
3879,1793058
3880,1793060
3881,1793151
3882,1793296
3883,1793369
3884,1793370
3885,1793372
3886,1793495
3887,1793541
3888,1793559
3889,1793640
3890,1793686
3891,1793721
3892,1793974
3893,1794007
3894,1794128
3895,1794199
3896,1794262
3897,1794422
3898,1794455
3899,1794480
3900,1794491
3901,1794585
3902,1794587
3903,1794624
3904,1794630
3905,1794637
3906,1794703
3907,1794814
3908,1794870
3909,1794917
3910,1794990
3911,1795009
3912,1795079
3913,1795090
3914,1795105
3915,1795134
3916,1795194
3917,1795238
3918,1795311
3919,1795319
3920,1795425
3921,1795458
3922,1795547
3923,1795565
3924,1795608
3925,1795615
3926,1795750
3927,1795883
3928,1795928
3929,1796080
3930,1796107
3931,1796120
3932,1796131
3933,1796132
3934,1796155
3935,1796286
3936,1796437
3937,1796492
3938,1796500
3939,1796501
3940,1796558
3941,1796578
3942,1796580
3943,1796607
3944,1796724
3945,1796725
3946,1796757
3947,1796767
3948,1796816
3949,1796817
3950,1796915
3951,1796960
3952,1796999
3953,1797014
3954,1797027
3955,1797113
3956,1797115
3957,1797163
3958,1797175
3959,1797324
3960,1797386
3961,1797422
3962,1797533
3963,1797588
3964,1797704
3965,1797731
3966,1797736
3967,1797775
3968,1797961
3969,1798001
3970,1798157
3971,1798159
3972,1798161
3973,1798175
3974,1798281
3975,1798306
3976,1798321
3977,1798333
3978,1798424
3979,1798460
3980,1798510
3981,1798546
3982,1798559
3983,1798592
3984,1798761
3985,1798764
3986,1798872
3987,1799216
3988,1799316
3989,1799329
3990,1799369
3991,1799449
3992,1799455
3993,1799458
3994,1799534
3995,1799536
3996,1799583
3997,1799660
3998,1799692
3999,1799752
4000,1799769
4001,1799779
4002,1799786
4003,1799838
4004,1799868
4005,1799899
4006,1799963
4007,1800062
4008,1800122
4009,1800182
4010,1800227
4011,1800247
4012,1800292
4013,1800311
4014,1800375
4015,1800393
4016,1800420
4017,1800486
4018,1800532
4019,1800533
4020,1800575
4021,1800644
4022,1800909
4023,1801035
4024,1801036
4025,1801059
4026,1801190
4027,1801191
4028,1801196
4029,1801198
4030,1801201
4031,1801210
4032,1801232
4033,1801247
4034,1801254
4035,1801424
4036,1801510
4037,1801512
4038,1801742
4039,1801768
4040,1801792
4041,1801798
4042,1801832
4043,1801969
4044,1801996
4045,1802024
4046,1802046
4047,1802047
4048,1802113
4049,1802143
4050,1802160
4051,1802175
4052,1802179
4053,1802248
4054,1802305
4055,1802459
4056,1802470
4057,1802517
4058,1802527
4059,1802559
4060,1802660
4061,1802740
4062,1802792
4063,1802835
4064,1802970
4065,1802983
4066,1803012
4067,1803046
4068,1803069
4069,1803106
4070,1803149
4071,1803165
4072,1803262
4073,1803320
4074,1803434
4075,1803472
4076,1803496
4077,1803521
4078,1803636
4079,1803646
4080,1803691
4081,1803756
4082,1803822
4083,1803876
4084,1803892
4085,1804198
4086,1804327
4087,1804366
4088,1804401
4089,1804518
4090,1804631
4091,1804651
4092,1804669
4093,1804696
4094,1804758
4095,1804869
4096,1804871
4097,1804985
4098,1805064
4099,1805125
4100,1805137
4101,1805224
4102,1805392
4103,1805593
4104,1805598
4105,1805604
4106,1805787
4107,1805817
4108,1805921
4109,1806021
4110,1806024
4111,1806044
4112,1806064
4113,1806094
4114,1806098
4115,1806175
4116,1806200
4117,1806361
4118,1806609
4119,1806616
4120,1806620
4121,1806691
4122,1806702
4123,1806729
4124,1806852
4125,1806889
4126,1806981
4127,1807053
4128,1807165
4129,1807216
4130,1807248
4131,1807249
4132,1807415
4133,1807508
4134,1807592
4135,1807612
4136,1807676
4137,1807883
4138,1807961
4139,1808089
4140,1808236
4141,1808310
4142,1808330
4143,1808340
4144,1808390
4145,1808435
4146,1808581
4147,1808620
4148,1808645
4149,1808680
4150,1808795
4151,1808824
4152,1808830
4153,1808968
4154,1809120
4155,1809185
4156,1809199
4157,1809213
4158,1809249
4159,1809375
4160,1809443
4161,1809496
4162,1809503
4163,1809609
4164,1809705
4165,1809761
4166,1809786
4167,1809868
4168,1810004
4169,1810044
4170,1810066
4171,1810075
4172,1810097
4173,1810134
4174,1810200
4175,1810293
4176,1810360
4177,1810385
4178,1810444
4179,1810559
4180,1810640
4181,1810715
4182,1810777
4183,1810882
4184,1810900
4185,1810925
4186,1810937
4187,1810946
4188,1810966
4189,1811048
4190,1811064
4191,1811183
4192,1811305
4193,1811329
4194,1811340
4195,1811361
4196,1811397
4197,1811499
4198,1811552
4199,1811606
4200,1811706
4201,1811753
4202,1811756
4203,1812046
4204,1812051
4205,1812079
4206,1812081
4207,1812112
4208,1812223
4209,1812224
4210,1812395
4211,1812407
4212,1812422
4213,1812479
4214,1812581
4215,1812587
4216,1812628
4217,1812631
4218,1812661
4219,1812684
4220,1812694
4221,1812719
4222,1812766
4223,1812772
4224,1812891
4225,1812984
4226,1813096
4227,1813126
4228,1813140
4229,1813167
4230,1813251
4231,1813269
4232,1813324
4233,1813347
4234,1813359
4235,1813384
4236,1813401
4237,1813414
4238,1813450
4239,1813476
4240,1813482
4241,1813517
4242,1813558
4243,1813633
4244,1813659
4245,1813680
4246,1813735
4247,1813799
4248,1813808
4249,1813834
4250,1813859
4251,1813937
4252,1814028
4253,1814051
4254,1814054
4255,1814071
4256,1814188
4257,1814266
4258,1814280
4259,1814354
4260,1814406
4261,1814415
4262,1814507
4263,1814575
4264,1814736
4265,1814744
4266,1814755
4267,1814825
4268,1814887
4269,1814941
4270,1815017
4271,1815323
4272,1815340
4273,1815363
4274,1815435
4275,1815446
4276,1815472
4277,1815490
4278,1815505
4279,1815532
4280,1815533
4281,1815612
4282,1815656
4283,1815763
4284,1815782
4285,1815832
4286,1815917
4287,1815919
4288,1815938
4289,1816029
4290,1816070
4291,1816159
4292,1816226
4293,1816329
4294,1816333
4295,1816342
4296,1816365
4297,1816493
4298,1816788
4299,1816844
4300,1816873
4301,1817008
4302,1817152
4303,1817178
4304,1817292
4305,1817479
4306,1817490
4307,1817722
4308,1817860
4309,1817937
4310,1817999
4311,1818106
4312,1818293
4313,1818332
4314,1818354
4315,1818355
4316,1818407
4317,1818437
4318,1818445
4319,1818507
4320,1818513
4321,1818570
4322,1818598
4323,1818700
4324,1818703
4325,1818735
4326,1818980
4327,1818992
4328,1819005
4329,1819048
4330,1819049
4331,1819054
4332,1819055
4333,1819094
4334,1819294
4335,1819398
4336,1819472
4337,1819722
4338,1819740
4339,1819871
4340,1820000
4341,1820086
4342,1820164
4343,1820165
4344,1820205
4345,1820243
4346,1820410
4347,1820482
